index	prediction
0	acceptable
1	acceptable
2	acceptable
3	acceptable
4	unacceptable
5	acceptable
6	acceptable
7	acceptable
8	unacceptable
9	acceptable
10	unacceptable
11	acceptable
12	unacceptable
13	acceptable
14	acceptable
15	acceptable
16	acceptable
17	acceptable
18	unacceptable
19	unacceptable
20	acceptable
21	acceptable
22	unacceptable
23	acceptable
24	acceptable
25	acceptable
26	acceptable
27	unacceptable
28	unacceptable
29	acceptable
30	acceptable
31	acceptable
32	acceptable
33	acceptable
34	acceptable
35	unacceptable
36	acceptable
37	acceptable
38	acceptable
39	acceptable
40	unacceptable
41	acceptable
42	acceptable
43	acceptable
44	unacceptable
45	acceptable
46	unacceptable
47	acceptable
48	unacceptable
49	acceptable
50	unacceptable
51	acceptable
52	acceptable
53	acceptable
54	unacceptable
55	unacceptable
56	acceptable
57	unacceptable
58	acceptable
59	acceptable
60	unacceptable
61	acceptable
62	acceptable
63	unacceptable
64	acceptable
65	acceptable
66	acceptable
67	acceptable
68	acceptable
69	unacceptable
70	acceptable
71	acceptable
72	unacceptable
73	acceptable
74	acceptable
75	acceptable
76	acceptable
77	acceptable
78	acceptable
79	acceptable
80	acceptable
81	unacceptable
82	acceptable
83	acceptable
84	unacceptable
85	acceptable
86	acceptable
87	acceptable
88	acceptable
89	acceptable
90	acceptable
91	acceptable
92	unacceptable
93	acceptable
94	acceptable
95	acceptable
96	acceptable
97	acceptable
98	acceptable
99	acceptable
100	unacceptable
101	unacceptable
102	acceptable
103	unacceptable
104	unacceptable
105	acceptable
106	acceptable
107	acceptable
108	acceptable
109	acceptable
110	acceptable
111	acceptable
112	acceptable
113	acceptable
114	acceptable
115	unacceptable
116	unacceptable
117	unacceptable
118	acceptable
119	acceptable
120	unacceptable
121	unacceptable
122	acceptable
123	unacceptable
124	acceptable
125	acceptable
126	unacceptable
127	acceptable
128	acceptable
129	acceptable
130	unacceptable
131	unacceptable
132	acceptable
133	acceptable
134	acceptable
135	acceptable
136	acceptable
137	acceptable
138	acceptable
139	unacceptable
140	acceptable
141	unacceptable
142	acceptable
143	acceptable
144	acceptable
145	acceptable
146	acceptable
147	acceptable
148	acceptable
149	acceptable
150	unacceptable
151	acceptable
152	acceptable
153	acceptable
154	acceptable
155	acceptable
156	unacceptable
157	unacceptable
158	unacceptable
159	acceptable
160	acceptable
161	acceptable
162	acceptable
163	acceptable
164	acceptable
165	unacceptable
166	unacceptable
167	unacceptable
168	acceptable
169	acceptable
170	acceptable
171	acceptable
172	acceptable
173	unacceptable
174	acceptable
175	acceptable
176	acceptable
177	acceptable
178	acceptable
179	acceptable
180	acceptable
181	acceptable
182	unacceptable
183	acceptable
184	unacceptable
185	acceptable
186	acceptable
187	unacceptable
188	unacceptable
189	acceptable
190	acceptable
191	acceptable
192	acceptable
193	acceptable
194	unacceptable
195	acceptable
196	acceptable
197	acceptable
198	acceptable
199	acceptable
200	acceptable
201	unacceptable
202	unacceptable
203	acceptable
204	acceptable
205	acceptable
206	acceptable
207	acceptable
208	acceptable
209	acceptable
210	acceptable
211	acceptable
212	acceptable
213	unacceptable
214	acceptable
215	acceptable
216	acceptable
217	unacceptable
218	acceptable
219	acceptable
220	acceptable
221	unacceptable
222	acceptable
223	acceptable
224	unacceptable
225	acceptable
226	unacceptable
227	acceptable
228	unacceptable
229	acceptable
230	acceptable
231	acceptable
232	acceptable
233	acceptable
234	acceptable
235	acceptable
236	unacceptable
237	acceptable
238	acceptable
239	unacceptable
240	acceptable
241	acceptable
242	acceptable
243	acceptable
244	acceptable
245	acceptable
246	acceptable
247	acceptable
248	acceptable
249	acceptable
250	acceptable
251	acceptable
252	acceptable
253	acceptable
254	acceptable
255	acceptable
256	acceptable
257	acceptable
258	acceptable
259	acceptable
260	unacceptable
261	acceptable
262	acceptable
263	acceptable
264	unacceptable
265	acceptable
266	unacceptable
267	acceptable
268	acceptable
269	acceptable
270	acceptable
271	acceptable
272	unacceptable
273	acceptable
274	acceptable
275	acceptable
276	acceptable
277	acceptable
278	acceptable
279	unacceptable
280	acceptable
281	unacceptable
282	acceptable
283	acceptable
284	acceptable
285	unacceptable
286	acceptable
287	acceptable
288	acceptable
289	acceptable
290	acceptable
291	unacceptable
292	acceptable
293	unacceptable
294	unacceptable
295	acceptable
296	acceptable
297	acceptable
298	acceptable
299	acceptable
300	acceptable
301	unacceptable
302	acceptable
303	acceptable
304	acceptable
305	acceptable
306	unacceptable
307	acceptable
308	acceptable
309	acceptable
310	acceptable
311	acceptable
312	acceptable
313	unacceptable
314	unacceptable
315	unacceptable
316	unacceptable
317	unacceptable
318	acceptable
319	unacceptable
320	unacceptable
321	acceptable
322	unacceptable
323	acceptable
324	acceptable
325	unacceptable
326	acceptable
327	unacceptable
328	acceptable
329	acceptable
330	acceptable
331	acceptable
332	acceptable
333	acceptable
334	acceptable
335	acceptable
336	acceptable
337	acceptable
338	acceptable
339	acceptable
340	acceptable
341	acceptable
342	acceptable
343	acceptable
344	unacceptable
345	acceptable
346	acceptable
347	acceptable
348	unacceptable
349	acceptable
350	acceptable
351	acceptable
352	acceptable
353	acceptable
354	acceptable
355	acceptable
356	acceptable
357	acceptable
358	acceptable
359	acceptable
360	acceptable
361	unacceptable
362	acceptable
363	unacceptable
364	acceptable
365	acceptable
366	acceptable
367	acceptable
368	acceptable
369	acceptable
370	unacceptable
371	acceptable
372	acceptable
373	acceptable
374	acceptable
375	acceptable
376	acceptable
377	acceptable
378	acceptable
379	acceptable
380	acceptable
381	acceptable
382	acceptable
383	acceptable
384	acceptable
385	acceptable
386	acceptable
387	acceptable
388	acceptable
389	unacceptable
390	acceptable
391	unacceptable
392	unacceptable
393	acceptable
394	acceptable
395	acceptable
396	acceptable
397	acceptable
398	acceptable
399	acceptable
400	acceptable
401	acceptable
402	unacceptable
403	acceptable
404	acceptable
405	acceptable
406	acceptable
407	acceptable
408	acceptable
409	acceptable
410	acceptable
411	unacceptable
412	acceptable
413	acceptable
414	acceptable
415	unacceptable
416	acceptable
417	unacceptable
418	unacceptable
419	unacceptable
420	acceptable
421	acceptable
422	acceptable
423	acceptable
424	acceptable
425	acceptable
426	acceptable
427	acceptable
428	acceptable
429	unacceptable
430	acceptable
431	acceptable
432	acceptable
433	unacceptable
434	acceptable
435	unacceptable
436	acceptable
437	acceptable
438	acceptable
439	acceptable
440	acceptable
441	acceptable
442	acceptable
443	acceptable
444	unacceptable
445	acceptable
446	acceptable
447	unacceptable
448	acceptable
449	acceptable
450	unacceptable
451	acceptable
452	acceptable
453	acceptable
454	acceptable
455	acceptable
456	acceptable
457	acceptable
458	acceptable
459	unacceptable
460	acceptable
461	acceptable
462	unacceptable
463	acceptable
464	acceptable
465	acceptable
466	acceptable
467	acceptable
468	acceptable
469	acceptable
470	acceptable
471	acceptable
472	acceptable
473	unacceptable
474	acceptable
475	unacceptable
476	unacceptable
477	acceptable
478	acceptable
479	unacceptable
480	acceptable
481	acceptable
482	acceptable
483	unacceptable
484	acceptable
485	acceptable
486	acceptable
487	acceptable
488	unacceptable
489	unacceptable
490	acceptable
491	unacceptable
492	acceptable
493	acceptable
494	acceptable
495	unacceptable
496	unacceptable
497	acceptable
498	acceptable
499	acceptable
500	acceptable
501	acceptable
502	acceptable
503	acceptable
504	unacceptable
505	acceptable
506	acceptable
507	acceptable
508	unacceptable
509	acceptable
510	acceptable
511	unacceptable
512	acceptable
513	acceptable
514	acceptable
515	acceptable
516	acceptable
517	unacceptable
518	acceptable
519	acceptable
520	acceptable
521	acceptable
522	acceptable
523	acceptable
524	unacceptable
525	acceptable
526	acceptable
527	acceptable
528	acceptable
529	acceptable
530	acceptable
531	acceptable
532	acceptable
533	acceptable
534	acceptable
535	acceptable
536	acceptable
537	acceptable
538	acceptable
539	acceptable
540	acceptable
541	unacceptable
542	acceptable
543	acceptable
544	unacceptable
545	unacceptable
546	acceptable
547	acceptable
548	acceptable
549	acceptable
550	acceptable
551	acceptable
552	acceptable
553	acceptable
554	acceptable
555	acceptable
556	acceptable
557	acceptable
558	acceptable
559	acceptable
560	acceptable
561	acceptable
562	acceptable
563	acceptable
564	acceptable
565	acceptable
566	acceptable
567	acceptable
568	acceptable
569	acceptable
570	unacceptable
571	unacceptable
572	acceptable
573	acceptable
574	unacceptable
575	unacceptable
576	acceptable
577	acceptable
578	acceptable
579	acceptable
580	acceptable
581	unacceptable
582	acceptable
583	acceptable
584	acceptable
585	acceptable
586	acceptable
587	acceptable
588	acceptable
589	acceptable
590	acceptable
591	acceptable
592	unacceptable
593	acceptable
594	acceptable
595	acceptable
596	acceptable
597	acceptable
598	acceptable
599	acceptable
600	acceptable
601	acceptable
602	acceptable
603	acceptable
604	unacceptable
605	acceptable
606	acceptable
607	acceptable
608	unacceptable
609	acceptable
610	acceptable
611	acceptable
612	acceptable
613	acceptable
614	acceptable
615	acceptable
616	acceptable
617	unacceptable
618	unacceptable
619	acceptable
620	acceptable
621	acceptable
622	acceptable
623	acceptable
624	acceptable
625	acceptable
626	acceptable
627	acceptable
628	acceptable
629	acceptable
630	acceptable
631	acceptable
632	acceptable
633	unacceptable
634	acceptable
635	unacceptable
636	unacceptable
637	acceptable
638	acceptable
639	acceptable
640	unacceptable
641	acceptable
642	unacceptable
643	acceptable
644	acceptable
645	acceptable
646	acceptable
647	acceptable
648	unacceptable
649	acceptable
650	acceptable
651	acceptable
652	acceptable
653	unacceptable
654	unacceptable
655	acceptable
656	unacceptable
657	unacceptable
658	unacceptable
659	acceptable
660	unacceptable
661	acceptable
662	acceptable
663	acceptable
664	acceptable
665	acceptable
666	acceptable
667	acceptable
668	unacceptable
669	acceptable
670	acceptable
671	acceptable
672	acceptable
673	acceptable
674	acceptable
675	acceptable
676	acceptable
677	acceptable
678	acceptable
679	acceptable
680	acceptable
681	acceptable
682	acceptable
683	acceptable
684	acceptable
685	acceptable
686	acceptable
687	acceptable
688	unacceptable
689	unacceptable
690	unacceptable
691	acceptable
692	unacceptable
693	acceptable
694	unacceptable
695	unacceptable
696	acceptable
697	acceptable
698	acceptable
699	acceptable
700	acceptable
701	unacceptable
702	acceptable
703	acceptable
704	acceptable
705	unacceptable
706	unacceptable
707	unacceptable
708	acceptable
709	acceptable
710	acceptable
711	acceptable
712	acceptable
713	acceptable
714	acceptable
715	unacceptable
716	unacceptable
717	unacceptable
718	unacceptable
719	unacceptable
720	acceptable
721	acceptable
722	unacceptable
723	unacceptable
724	acceptable
725	acceptable
726	unacceptable
727	unacceptable
728	unacceptable
729	acceptable
730	acceptable
731	acceptable
732	unacceptable
733	acceptable
734	acceptable
735	acceptable
736	unacceptable
737	acceptable
738	acceptable
739	acceptable
740	acceptable
741	unacceptable
742	acceptable
743	acceptable
744	unacceptable
745	unacceptable
746	unacceptable
747	unacceptable
748	unacceptable
749	acceptable
750	acceptable
751	acceptable
752	acceptable
753	acceptable
754	acceptable
755	acceptable
756	acceptable
757	acceptable
758	acceptable
759	acceptable
760	acceptable
761	acceptable
762	acceptable
763	acceptable
764	acceptable
765	acceptable
766	acceptable
767	acceptable
768	acceptable
769	acceptable
770	acceptable
771	acceptable
772	acceptable
773	acceptable
774	acceptable
775	unacceptable
776	unacceptable
777	acceptable
778	acceptable
779	acceptable
780	acceptable
781	acceptable
782	acceptable
783	acceptable
784	acceptable
785	acceptable
786	acceptable
787	acceptable
788	acceptable
789	acceptable
790	acceptable
791	acceptable
792	acceptable
793	acceptable
794	acceptable
795	acceptable
796	unacceptable
797	acceptable
798	unacceptable
799	unacceptable
800	acceptable
801	acceptable
802	acceptable
803	unacceptable
804	unacceptable
805	acceptable
806	acceptable
807	unacceptable
808	unacceptable
809	acceptable
810	acceptable
811	acceptable
812	acceptable
813	acceptable
814	acceptable
815	unacceptable
816	acceptable
817	acceptable
818	acceptable
819	acceptable
820	unacceptable
821	acceptable
822	unacceptable
823	unacceptable
824	acceptable
825	unacceptable
826	unacceptable
827	acceptable
828	acceptable
829	acceptable
830	unacceptable
831	unacceptable
832	unacceptable
833	acceptable
834	acceptable
835	acceptable
836	unacceptable
837	acceptable
838	acceptable
839	acceptable
840	acceptable
841	unacceptable
842	acceptable
843	unacceptable
844	acceptable
845	unacceptable
846	unacceptable
847	acceptable
848	acceptable
849	acceptable
850	acceptable
851	unacceptable
852	acceptable
853	unacceptable
854	acceptable
855	acceptable
856	acceptable
857	acceptable
858	unacceptable
859	acceptable
860	acceptable
861	acceptable
862	acceptable
863	acceptable
864	acceptable
865	acceptable
866	unacceptable
867	acceptable
868	unacceptable
869	acceptable
870	unacceptable
871	acceptable
872	unacceptable
873	unacceptable
874	acceptable
875	acceptable
876	acceptable
877	unacceptable
878	acceptable
879	acceptable
880	acceptable
881	acceptable
882	acceptable
883	acceptable
884	acceptable
885	unacceptable
886	unacceptable
887	unacceptable
888	unacceptable
889	unacceptable
890	unacceptable
891	unacceptable
892	unacceptable
893	acceptable
894	acceptable
895	acceptable
896	acceptable
897	unacceptable
898	unacceptable
899	acceptable
900	acceptable
901	acceptable
902	acceptable
903	acceptable
904	unacceptable
905	acceptable
906	acceptable
907	acceptable
908	unacceptable
909	acceptable
910	acceptable
911	acceptable
912	acceptable
913	acceptable
914	acceptable
915	acceptable
916	acceptable
917	acceptable
918	acceptable
919	acceptable
920	acceptable
921	acceptable
922	acceptable
923	acceptable
924	acceptable
925	acceptable
926	acceptable
927	acceptable
928	acceptable
929	unacceptable
930	unacceptable
931	unacceptable
932	unacceptable
933	unacceptable
934	acceptable
935	acceptable
936	acceptable
937	unacceptable
938	unacceptable
939	unacceptable
940	acceptable
941	acceptable
942	acceptable
943	acceptable
944	acceptable
945	acceptable
946	acceptable
947	acceptable
948	unacceptable
949	unacceptable
950	acceptable
951	acceptable
952	acceptable
953	unacceptable
954	acceptable
955	unacceptable
956	acceptable
957	acceptable
958	acceptable
959	acceptable
960	acceptable
961	acceptable
962	acceptable
963	acceptable
964	acceptable
965	acceptable
966	acceptable
967	unacceptable
968	acceptable
969	unacceptable
970	acceptable
971	acceptable
972	acceptable
973	acceptable
974	acceptable
975	acceptable
976	acceptable
977	acceptable
978	acceptable
979	acceptable
980	acceptable
981	acceptable
982	unacceptable
983	acceptable
984	acceptable
985	acceptable
986	unacceptable
987	acceptable
988	acceptable
989	acceptable
990	acceptable
991	acceptable
992	acceptable
993	acceptable
994	acceptable
995	acceptable
996	acceptable
997	acceptable
998	acceptable
999	acceptable
1000	unacceptable
1001	acceptable
1002	acceptable
1003	acceptable
1004	unacceptable
1005	acceptable
1006	acceptable
1007	acceptable
1008	acceptable
1009	acceptable
1010	acceptable
1011	acceptable
1012	acceptable
1013	acceptable
1014	acceptable
1015	acceptable
1016	acceptable
1017	acceptable
1018	acceptable
1019	acceptable
1020	acceptable
1021	acceptable
1022	acceptable
1023	acceptable
1024	unacceptable
1025	acceptable
1026	acceptable
1027	acceptable
1028	acceptable
1029	unacceptable
1030	acceptable
1031	acceptable
1032	acceptable
1033	unacceptable
1034	acceptable
1035	unacceptable
1036	unacceptable
1037	acceptable
1038	acceptable
1039	acceptable
1040	acceptable
1041	unacceptable
1042	acceptable
1043	acceptable
1044	unacceptable
1045	unacceptable
1046	acceptable
1047	acceptable
1048	unacceptable
1049	acceptable
1050	acceptable
1051	unacceptable
1052	unacceptable
1053	acceptable
1054	acceptable
1055	acceptable
1056	acceptable
1057	acceptable
1058	acceptable
1059	acceptable
1060	unacceptable
1061	acceptable
1062	acceptable
